"4.532635102805216E-6","7.819586608093232E-5","4.880255E-10","0.98816454","0.96788013","-0.45458317","-0.50179255","0.7496732","-0.0010800957679748535","-0.4142093062400818","1.0","0.0","1.0","0.0","-1.0","0.11279388517141342","0.4765157699584961","1.0","1.0"
"1.551165769342333E-4","7.844910578569397E-5","1.3053703E-9","0.98816186","0.96788305","-0.45443863","-0.5018212","0.7496968","-0.0010800957679748535","-0.4142093062400818","0.99941015","0.9999989","0.9972627","0.28145418","-0.9498672485351562","0.07064108550548553","-0.1634540557861328","1.0","0.875"
"0.004051479510962963","1.2730498565360904E-4","0.0012106658","0.987471","0.96776634","-0.45571804","-0.5044081","0.7525678","-0.0010800957679748535","-0.4142093062400818","0.98977536","0.9999955","0.97927475","0.2832865","-0.08178233355283737","-0.011684808880090714","-0.003829857800155878","1.0","0.875"
"0.008012931793928146","2.6572743081487715E-4","0.005413791","0.9854687","0.9674191","-0.45501006","-0.5033311","0.75188935","-0.0010797381401062012","-0.41420936584472656","0.97994405","0.99999124","0.9597225","0.28530523","0.024225665256381035","-3.074227715842426E-4","0.005790263414382935","1.0","0.875"
"0.012036506086587906","4.951669834554195E-4","0.012733651","0.98214","0.96683687","-0.45424014","-0.5021568","0.7510017","-0.0010791420936584473","-0.41420942544937134","0.9701127","0.9999868","0.9401704","0.28735298","-0.004473818000406027","2.421147801214829E-4","-7.769608637318015E-4","1.0","0.875"
"0.01612495630979538","8.170907385647297E-4","0.023270149","0.9774747","0.96601415","-0.4536819","-0.5011345","0.7504291","-0.001078486442565918","-0.4142095446586609","0.9602813","0.9999826","0.9206182","0.28943038","-0.005197187885642052","0.002553177298977971","-8.155039395205677E-4","1.0","0.875"
"0.02028135396540165","0.0012330221943557262","0.03711099","0.9714662","0.9649446","-0.45327663","-0.50045097","0.7500953","-0.0010777115821838379","-0.41420966386795044","0.95045","0.9999781","0.90106595","0.29153794","-0.002948686946183443","-5.458671948872507E-4","-6.434635142795742E-4","1.0","0.875"
"0.02450866624712944","0.0017445471603423357","0.054329395","0.96411216","0.96362114","-0.4529642","-0.5000738","0.749903","-0.001076817512512207","-0.41420978307724","0.94061863","0.9999738","0.88151383","0.29367653","-0.001823362079448998","-2.1129977540113032E-4","-7.970812148414552E-4","1.0","0.875"
"0.02889665961265564","0.0023797142785042524","0.07588044","0.9550386","0.9619667","-0.45269507","-0.49987048","0.7497898","-0.0010759830474853516","-0.4142099618911743","0.93039405","0.99996924","0.86117935","0.29593417","-8.734114817343652E-4","4.59715593024157E-5","-0.0010005554649978876","1.0","0.875"
"0.033187948167324066","0.0030610510148108006","0.09910878","0.9453788","0.9601793","-0.4524753","-0.49977148","0.7497304","-0.0010752081871032715","-0.41421014070510864","0.92095596","0.99996513","0.8424094","0.29804924","-1.6713663353584707E-4","-2.2694301151204854E-5","-0.0013221352128311992","1.0","0.875"
"0.037645988166332245","0.0038695363327860832","0.12672868","0.9340161","0.95804214","-0.4522649","-0.49971837","0.74969536","-0.001074373722076416","-0.41421031951904297","0.9111246","0.99996084","0.82285726","0.30028486","3.069812373723835E-4","1.8046771583613008E-4","-0.0022914386354386806","1.0","0.875"
"0.04227877035737038","0.004799912218004465","0.15849856","0.92107475","0.9555618","-0.45205647","-0.49968857","0.7496758","-0.0010735392570495605","-0.41421055793762207","0.90109664","0.99995655","0.8029139","0.30260006","0.0011902019614353776","-2.0607192254828988E-6","-0.0025264190044254065","1.0","0.875"
"0.046905118972063065","0.00581763731315732","0.1931344","0.9070828","0.95282376","-0.43818378","-0.49582213","0.7498091","-0.001072704792022705","-0.41421079635620117","0.8912653","0.99995244","0.7833617","0.3049048","0.008317660540342331","-0.04399976134300232","-0.18608684837818146","1.0","0.875"
"0.0515207014977932","0.006918285973370075","0.23034275","0.8921433","0.94983435","-0.42132765","-0.49142712","0.7500339","-0.001071929931640625","-0.4142109155654907","0.88163054","0.99994844","0.7642007","0.30719775","0.005165400914847851","-0.008578835055232048","-0.017887316644191742","1.0","0.875"
"0.05631557106971741","0.008148645982146263","0.27155033","0.8756781","0.9464586","-0.40826732","-0.48945022","0.7501908","-0.0010710954666137695","-0.4142104387283325","0.87179923","0.99994457","0.74464846","0.3095735","0.003821884049102664","7.832364644855261E-4","-0.01855309121310711","1.0","0.875"
"0.060232244431972504","0.009402028284966946","0.30746207","0.8591537","0.9429833","-0.39884007","-0.4891137","0.75028324","-0.001070261001586914","-0.4142093062400818","0.8636301","0.9999471","0.6309569","0.27698806","0.005382135510444641","6.561571353813633E-5","-0.01557364221662283","1.0","0.75"
"0.06428088992834091","0.010821819305419922","0.34440517","0.8407397","0.93900454","-0.38992584","-0.48938006","0.750353","-0.001069188117980957","-0.41420722007751465","0.8552882","0.9999446","0.61530566","0.2789226","0.0056294286623597145","4.398217424750328E-4","-0.018735691905021667","1.0","0.75"
"0.06841178238391876","0.0123342489823699","0.38317367","0.8214768","0.93471915","-0.38162988","-0.4898858","0.7504053","-0.0010681748390197754","-0.4142041802406311","0.8469462","0.9999423","0.5996543","0.28088436","0.006654021795839071","5.323814693838358E-4","-0.015299603343009949","1.0","0.75"
"0.07262837886810303","0.013974171131849289","0.4236673","0.8014065","0.9301152","-0.37353092","-0.49043614","0.7504461","-0.001067042350769043","-0.4141998887062073","0.8386042","0.9999402","0.5840031","0.282874","0.0069369045086205006","4.838565655518323E-4","-0.0156291201710701","1.0","0.75"
"0.07693379372358322","0.015690496191382408","0.46576625","0.7805741","0.9251813","-0.36547452","-0.4909585","0.7504792","-0.0010658502578735352","-0.4141942262649536","0.8302623","0.99993813","0.56835186","0.28489208","0.007296944968402386","4.820747999474406E-4","-0.01722031645476818","1.0","0.75"
"0.0813310444355011","0.017490515485405922","0.50933295","0.7590283","0.9199059","-0.35734397","-0.49142897","0.75050753","-0.0010645389556884766","-0.41418713331222534","0.82192034","0.99993646","0.5527005","0.28693923","0.008105745539069176","4.954959149472415E-4","-0.01825099065899849","1.0","0.75"
"0.08582306653261185","0.01938965730369091","0.5542115","0.73682123","0.91427743","-0.34912074","-0.49186164","0.7505351","-0.0010631084442138672","-0.4141783118247986","0.8135784","0.9999348","0.53673637","0.28905788","0.009252352640032768","3.4546980168670416E-4","-0.014661173336207867","1.0","0.75"
"0.09013459831476212","0.021266687661409378","0.5974387","0.7153935","0.90865487","-0.34128505","-0.49222207","0.7505595","-0.0010616779327392578","-0.41416841745376587","0.80573696","0.99993336","0.5223371","0.29099596","0.009465840645134449","4.7292158706113696E-4","-0.018223192542791367","1.0","0.75"
"0.09491348266601562","0.023405738174915314","0.6452969","0.69159293","0.9021793","-0.33268082","-0.49258018","0.7505844","-0.0010600686073303223","-0.4141557216644287","0.79722816","0.999932","0.5063728","0.29317525","0.01039662305265665","0.0010438220342621207","-0.01723567023873329","1.0","0.75"
"0.09790810197591782","0.025552459061145782","0.67465705","0.66835284","0.8956116","-0.32469285","-0.49288803","0.7506234","-0.001058340072631836","-0.41414153575897217","0.79061466","0.61982703","0.49377072","0.18281128","0.018551742658019066","0.00125559710431844","-0.060767196118831635","0.6184481","0.75"
"0.09929021447896957","0.02779213711619377","0.6747496","0.644901","0.88872695","-0.31809038","-0.49303925","0.750637","-0.0010564923286437988","-0.4141255021095276","0.78546673","0.6169342","0.48411274","0.18279132","0.014752171002328396","8.228658116422594E-4","-0.019754966720938683","0.6169443","0.75"
"0.10074934363365173","0.0301135815680027","0.67480147","0.6209233","0.88140804","-0.31066376","-0.4931522","0.7506589","-0.001054525375366211","-0.41410672664642334","0.7800165","0.61571115","0.47369468","0.18333462","0.014224105514585972","6.441758596338332E-4","-0.01610383950173855","0.61562324","0.75"
"0.10222504287958145","0.03240301460027695","0.67484415","0.59871835","0.87421906","-0.30332375","-0.493257","0.7506842","-0.0010526180267333984","-0.4140874743461609","0.77488416","0.61475265","0.46406603","0.18389294","0.014188998378813267","4.026380192954093E-4","-0.019557204097509384","0.61471975","0.75"
"0.10374604910612106","0.03472204506397247","0.67485505","0.5760139","0.8668844","-0.2958328","-0.4933777","0.7507115","-0.0010504722595214844","-0.4140664339065552","0.7697571","0.6145387","0.45463908","0.18466228","0.01400267519056797","3.835215757135302E-4","-0.018286947160959244","0.6146136","0.75"
"0.10531441867351532","0.037071146070957184","0.67482644","0.5545958","0.8595581","-0.28818977","-0.49350435","0.7507393","-0.0010483860969543457","-0.4140440821647644","0.7646282","0.6152318","0.44501567","0.18573005","0.013842722401022911","6.520964088849723E-4","-0.016902228817343712","0.6153874","0.75"
"0.10693269222974777","0.03944503888487816","0.6747574","0.533146","0.8519441","-0.2803775","-0.49363166","0.750766","-0.0010461807250976562","-0.4140189290046692","0.75948966","0.6168411","0.43537426","0.18708731","0.013405376113951206","5.713230348192155E-4","-0.01562722772359848","0.61708826","0.75"
"0.10860361158847809","0.04184795543551445","0.6746482","0.51169443","0.8440381","-0.27239448","-0.4937564","0.7507928","-0.0010437965393066406","-0.4139922857284546","0.75433403","0.6193699","0.42570055","0.18874054","0.013085279613733292","6.683890242129564E-4","-0.014124413952231407","0.6197702","0.75"
"0.11033022403717041","0.04428234323859215","0.6744987","0.49108738","0.8361544","-0.26423705","-0.49389273","0.750817","-0.0010413527488708496","-0.4139636158943176","0.7490496","0.6228931","0.4157846","0.19073649","0.01248237770050764","4.645531007554382E-4","-0.012743748724460602","0.6233241","0.75"
"0.11211585253477097","0.04676484689116478","0.6743095","0.47130382","0.82814384","-0.2559054","-0.49402702","0.7508405","-0.0010387897491455078","-0.41393280029296875","0.7439406","0.627164","0.40600145","0.19296941","0.012000283226370811","3.598258481360972E-4","-0.011323447339236736","0.62778026","0.75"
"0.11388348788022995","0.0492316409945488","0.67408687","0.45193172","0.8203394","-0.24774611","-0.49416232","0.7508616","-0.0010363459587097168","-0.41390174627304077","0.73904186","0.63194466","0.3223673","0.16939545","0.011286906898021698","6.684278487227857E-4","-0.043625324964523315","0.63277495","0.625"
"0.11540833860635757","0.05161692202091217","0.67024976","0.43375593","0.8126006","-0.23974323","-0.49429357","0.75088555","-0.001033782958984375","-0.41386878490448","0.7346116","0.71918154","0.31450057","0.19362277","0.012484419159591198","6.583906360901892E-4","-0.011544275097548962","0.7195615","0.625"
"0.11741302162408829","0.05422448739409447","0.66984737","0.41450238","0.80410874","-0.23077554","-0.49441528","0.75090355","-0.0010309815406799316","-0.41383057832717896","0.72954637","0.72855633","0.305506","0.19713247","0.012018580920994282","4.807750810869038E-4","0.0019014769932255149","0.72887677","0.625"
"0.1194172352552414","0.056766778230667114","0.66952866","0.39643154","0.79584885","-0.22204512","-0.49454755","0.7509201","-0.0010281205177307129","-0.4137914180755615","0.7246289","0.7359718","0.29659486","0.2001354","0.011806854978203773","4.984174738638103E-4","0.004453480243682861","0.7361535","0.625"
"0.12158544361591339","0.059457965195178986","0.6691646","0.37771544","0.78698254","-0.21263468","-0.49468708","0.75093657","-0.0010249614715576172","-0.4137462377548218","0.719253","0.7444403","0.28704667","0.20352949","0.011222831904888153","6.900748121552169E-4","0.005991148296743631","0.745295","0.625"
"0.12384378165006638","0.062187064439058304","0.66879386","0.3601695","0.77819437","-0.2032758","-0.494819","0.7509503","-0.0010218024253845215","-0.4136998653411865","0.71402013","0.75306666","0.27775252","0.20697388","0.010747588239610195","4.655897500924766E-4","0.008123627863824368","0.7539614","0.625"
"0.12610521912574768","0.06484436243772507","0.6684189","0.3434049","0.76984775","-0.19435298","-0.4949602","0.7509621","-0.0010187029838562012","-0.4136524796485901","0.70893466","0.7616224","0.26872003","0.21040395","0.010312230326235294","6.3738675089553E-4","0.01064184121787548","0.762528","0.625"
"0.12851306796073914","0.06762656569480896","0.668034","0.32673857","0.76090825","-0.18475604","-0.49508822","0.7509721","-0.0010153651237487793","-0.41360121965408325","0.7036859","0.770398","0.25939763","0.21396612","0.010099932551383972","4.404758510645479E-4","0.013673815876245499","0.7716426","0.625"
"0.13103105127811432","0.0704650953412056","0.66765875","0.31051767","0.75190556","-0.17504781","-0.4952352","0.7509804","-0.0010118484497070312","-0.4135456681251526","0.6982708","0.7791013","0.24977982","0.2175835","0.00993016455322504","5.489615723490715E-4","0.017065685242414474","0.7801212","0.625"
"0.13366933166980743","0.07335570454597473","0.6673097","0.29474247","0.7433845","-0.16562653","-0.49536657","0.7509862","-0.001008450984954834","-0.4134902358055115","0.6930126","0.78686416","0.2404406","0.2209414","0.009871994145214558","5.325156380422413E-4","0.020664973184466362","0.787777","0.625"
"0.1363830417394638","0.07625522464513779","0.6670133","0.27971488","0.734648","-0.15598917","-0.4954905","0.7509903","-0.0010048747062683105","-0.4134317636489868","0.6879229","0.79319674","0.23159444","0.22386774","0.010057012550532818","2.5919690961018205E-4","0.03801419585943222","0.7933465","0.625"
"0.1392875611782074","0.07929931581020355","0.66671485","0.26482078","0.7257054","-0.14500213","-0.49563056","0.75099343","-0.001001119613647461","-0.41336727142333984","0.68246394","0.79998994","0.22190094","0.22706778","0.010269305668771267","5.739197949878871E-4","0.03865204378962517","0.8001522","0.625"
"0.14215068519115448","0.08215958625078201","0.6664096","0.25122586","0.71728575","-0.13544261","-0.4957587","0.75099325","-9.976029396057129E-4","-0.41330331563949585","0.6772885","0.80692804","0.21271062","0.23027746","0.010366053320467472","6.479352014139295E-4","0.03725285455584526","0.80711097","0.625"
"0.14534832537174225","0.0851358026266098","0.6660406","0.23719378","0.70832753","-0.12543541","-0.49588436","0.75099045","-9.936094284057617E-4","-0.41323143243789673","0.6717301","0.81531924","0.20284057","0.2340333","0.01024190615862608","6.147698732092977E-4","0.03975451737642288","0.8157018","0.625"
"0.14871564507484436","0.08815771341323853","0.665619","0.22360414","0.6993831","-0.115465045","-0.49601507","0.75098485","-9.895563125610352E-4","-0.4131554961204529","0.66611016","0.8249047","0.1928612","0.23819365","0.010693183168768883","-3.676566993817687E-4","0.04358531907200813","0.8253413","0.625"
"0.15275856852531433","0.09123078733682632","0.66166","0.21050836","0.6980254","-0.10609317","-0.4961568","0.75097597","-9.853839874267578E-4","-0.41307514905929565","0.6600699","0.91479445","0.18213534","0.2658498","0.00978788547217846","0.0016334850806742907","0.019718436524271965","0.91539186","0.625"
"0.15741504728794098","0.09443110227584839","0.66085744","0.19768459","0.6967519","-0.096025944","-0.49628603","0.7509657","-9.80973243713379E-4","-0.41298824548721313","0.65360165","0.93337595","0.17064953","0.27313238","0.010366329923272133","9.690651786513627E-4","0.054140109568834305","0.93397677","0.625"
"0.16213561594486237","0.09757279604673386","0.660243","0.18585919","0.6955014","-0.08635175","-0.49641806","0.7509545","-9.765625E-4","-0.4128996729850769","0.64728564","0.94738406","0.15943408","0.2791232","0.014684610068798065","0.0013518731575459242","0.07178580015897751","0.9476978","0.625"
"0.16720248758792877","0.10084894299507141","0.6595743","0.17428608","0.6942032","-0.07600057","-0.49668443","0.75093716","-9.719729423522949E-4","-0.41280388832092285","0.64074105","0.96260184","0.1478126","0.28562614","0.007239283993840218","0.02970021963119507","0.055979643017053604","0.9632682","0.625"
"0.17253868281841278","0.10419898480176926","0.6588364","0.16320173","0.69288844","-0.06588787","-0.4982481","0.75092274","-9.673237800598145E-4","-0.41270244121551514","0.634087","0.97937894","0.13599706","0.29272348","0.01571838930249214","-0.1340121477842331","0.06512024998664856","0.9801276","0.625"
"0.17815817892551422","0.10762592405080795","0.6579486","0.15259275","0.6915639","-0.055777133","-0.51894546","0.75090134","-9.624958038330078E-4","-0.4125950336456299","0.6273058","0.9995782","0.12395549","0.30099773","0.0186566524207592","-0.7213722467422485","0.08467554301023483","1.0","0.625"
"0.1840047538280487","0.11113262921571732","0.6564892","0.14244755","0.6902375","-0.0456717","-0.54977477","0.75081974","-9.57489013671875E-4","-0.4124813675880432","0.62045324","0.9999779","0.11178732","0.30341375","-0.004910051357001066","-0.8686979413032532","0.08759745955467224","1.0","0.625"
"0.18997611105442047","0.1147196814417839","0.6535773","0.1327686","0.6889191","-0.035399735","-0.5951993","0.75074166","-9.524822235107422E-4","-0.4123613238334656","0.6136007","0.9999789","0.09961915","0.30574504","-0.0069203986786305904","-0.08442036062479019","0.08877775073051453","1.0","0.625"
"0.19527529180049896","0.11816693097352982","0.6480631","0.12408915","0.68769646","-0.026231647","-0.61273116","0.75070244","-9.475946426391602E-4","-0.4122422933578491","0.60751677","0.9999859","0.033462286","0.25727066","-0.029538778588175774","0.40436193346977234","0.12218279391527176","1.0","0.5"
"0.19994604587554932","0.12196170538663864","0.63185066","0.115189396","0.68640983","-0.01681602","-0.54768765","0.7507611","-9.42230224609375E-4","-0.4121074080467224","0.6020463","0.9999867","0.024242163","0.258987","0.006411754991859198","0.2152210772037506","0.05810852721333504","1.0","0.5"
"0.2046428918838501","0.12573383748531342","0.61577517","0.106975116","0.68520224","-0.00734818","-0.46099955","0.75086516","-9.369850158691406E-4","-0.4119694232940674","0.5966831","0.9999875","0.01520288","0.260692","0.005190989002585411","-0.8785949945449829","0.08460192382335663","1.0","0.5"
"0.20945383608341217","0.129557266831398","0.5994902","0.09924859","0.6840608","0.002013445","-0.4207223","0.7509259","-9.315609931945801E-4","-0.4118255376815796","0.59132004","0.99998814","0.0061637163","0.26241964","0.026535429060459137","1.0","0.05790935456752777","1.0","0.5"
"0.2142784595489502","0.13335400819778442","0.5833249","0.09213019","0.6830199","0.01104188","-0.39722627","0.7508697","-9.261965751647949E-4","-0.411678671836853","0.58606404","0.99998903","-0.0026949048","0.26413512","0.011679125018417835","0.3688902258872986","0.0617656484246254","1.0","0.5"
"0.2193155437707901","0.13727903366088867","0.5666129","0.08530381","0.6820512","0.020177603","-0.38907808","0.750818","-9.205937385559082E-4","-0.4115227460861206","0.580701","0.9999895","-0.011734307","0.26590878","0.022261610254645348","-1.0","0.05408935993909836","1.0","0.5"
"0.22446927428245544","0.14125536382198334","0.5496764","0.078895986","0.6811925","0.029268384","-0.3797431","0.750766","-9.149909019470215E-4","-0.411360502243042","0.57533777","0.99999017","-0.02077365","0.26770648","0.011030910536646843","0.41190484166145325","0.050206948071718216","1.0","0.5"
"0.22973884642124176","0.14528298377990723","0.5325805","0.07289476","0.68046045","0.03825271","-0.37244856","0.75072765","-9.09268856048584E-4","-0.41119182109832764","0.5699746","0.99999076","-0.029812872","0.2695286","0.0195772722363472","0.41643932461738586","0.043511729687452316","1.0","0.5"
"0.23512546718120575","0.14936184883117676","0.5153903","0.067286514","0.6798725","0.0471164","-0.37321758","0.750682","-9.034872055053711E-4","-0.4110165238380432","0.5646114","0.99999136","-0.038852274","0.27137566","0.014756431803107262","-0.7682886123657227","0.047716762870550156","1.0","0.5"
"0.24062901735305786","0.15349191427230835","0.4981617","0.062055334","0.67944723","0.055900097","-0.37649792","0.7506427","-8.976459503173828E-4","-0.4108346104621887","0.55924827","0.99999195","-0.047891617","0.27324829","0.013430319726467133","0.6757646203041077","0.040753088891506195","1.0","0.5"
"0.24624992907047272","0.15767310559749603","0.48093268","0.057183012","0.6792042","0.06459355","-0.40421242","0.75059474","-8.918046951293945E-4","-0.4106457829475403","0.55388516","0.9999925","-0.05693084","0.27514687","0.009635684080421925","-0.765849769115448","0.036416132003068924","1.0","0.5"
"0.252105176448822","0.16199052333831787","0.4630385","0.052561503","0.67969924","0.07334149","-0.47105086","0.75051403","-8.856654167175293E-4","-0.4104459285736084","0.5484147","0.999993","-0.06615096","0.27711082","-0.0026948312297463417","1.0","0.03229992091655731","1.0","0.5"
"0.25796622037887573","0.1662748008966446","0.444884","0.048348457","0.6813669","0.08181083","-0.5074646","0.7504592","-8.797645568847656E-4","-0.4102429151535034","0.5430515","0.99999356","-0.07519019","0.27906364","8.157360716722906E-4","0.27432161569595337","0.034689173102378845","1.0","0.5"
"0.263944536447525","0.1706099808216095","0.4269175","0.04442601","0.6830541","0.09020114","-0.54041386","0.7504319","-8.737444877624512E-4","-0.4100325107574463","0.5376884","0.9999939","-0.08422959","0.2810441","-0.00312210526317358","-0.25125041604042053","0.026247328147292137","1.0","0.5"
"0.27004191279411316","0.1749960035085678","0.40919137","0.040780336","0.6847608","0.09850097","-0.55537355","0.750423","-8.676052093505859E-4","-0.4098147749900818","0.53232515","0.99999446","-0.09326881","0.283053","-5.203291075304151E-4","-0.4526086747646332","0.021763283759355545","1.0","0.5"
"0.2762587070465088","0.1794326901435852","0.39179277","0.037401475","0.6864869","0.10669923","-0.56757975","0.7504164","-8.615851402282715E-4","-0.4095895290374756","0.52696204","0.9999948","-0.102308154","0.28509074","-0.004662889521569014","1.0","0.017233150079846382","1.0","0.5"
"0.2825956642627716","0.1839199811220169","0.37479815","0.03427815","0.68823236","0.11479354","-0.5631175","0.7504164","-8.554458618164062E-4","-0.4093565344810486","0.5215989","0.99999523","-0.1113475","0.28715807","-0.0017620372818782926","-0.44563907384872437","0.01927521452307701","1.0","0.5"
"0.28905460238456726","0.18845772743225098","0.35826746","0.031397693","0.6899972","0.122779965","-0.53241265","0.7504259","-8.492469787597656E-4","-0.4091157913208008","0.5162357","0.9999956","-0.1203869","0.2892555","0.0014511692570522428","-0.9819339513778687","0.014999805018305779","1.0","0.5"
"0.29563596844673157","0.19304585456848145","0.34224212","0.028745942","0.6917813","0.13066506","-0.49734443","0.75044155","-8.43048095703125E-4","-0.40886712074279785","0.51087254","0.999996","-0.12942618","0.2913839","-5.72738004848361E-4","0.8370950222015381","0.011722168885171413","1.0","0.5"
"0.3023398518562317","0.19768424332141876","0.3267323","0.026307253","0.69358456","0.13843548","-0.47555035","0.7504381","-8.36789608001709E-4","-0.40861034393310547","0.5055094","0.99999624","-0.1384654","0.29354376","3.143703506793827E-4","0.3685078024864197","0.01037619262933731","1.0","0.5"
"0.30916664004325867","0.20237283408641815","0.31171888","0.024064457","0.6954071","0.14610493","-0.4610787","0.7504176","-8.30531120300293E-4","-0.40834546089172363","0.50014627","0.9999966","-0.14750475","0.29573593","0.001959069399163127","-1.0","0.00928901694715023","1.0","0.5"
"0.31597745418548584","0.20701628923416138","0.29743195","0.022038512","0.69721174","0.15351939","-0.45935023","0.75038874","-8.243322372436523E-4","-0.4080777168273926","0.49489027","0.9999969","-0.15636337","0.2979162","0.0018129490781575441","-1.0","0.007420218549668789","1.0","0.5"
"0.32319286465644836","0.21190036833286285","0.28290397","0.020089978","0.6991095","0.16113079","-0.47318774","0.7503516","-8.177757263183594E-4","-0.40779048204421997","0.48941988","0.999997","-0.16558349","0.30021983","-4.3229476432316005E-5","-0.043676890432834625","0.007544137537479401","1.0","0.5"
"0.33024847507476807","0.21664199233055115","0.26920637","0.018356444","0.70095164","0.16833627","-0.49564618","0.7503138","-8.115172386169434E-4","-0.4075060486793518","0.484164","0.99999744","-0.17444193","0.30246702","-0.0013367717619985342","0.6625686883926392","0.005958524998277426","1.0","0.5"
"0.33757326006889343","0.2215300053358078","0.25556025","0.016722308","0.7028502","0.17558289","-0.5133182","0.7502822","-8.050799369812012E-4","-0.4072072505950928","0.4788008","0.99999744","-0.18348134","0.3047949","-0.002117409836500883","1.0","0.0030669555999338627","1.0","0.5"
"0.34502458572387695","0.22646810114383698","0.24231784","0.015219082","0.704768","0.18272269","-0.52066267","0.75026387","-7.98642635345459E-4","-0.4068995714187622","0.47343767","0.9999977","-0.19252056","0.307159","-0.0017267364310100675","0.9334245324134827","0.0016425491776317358","1.0","0.5"
"0.3526027202606201","0.23145638406276703","0.2295406","0.013840939","0.7067048","0.1897546","-0.51850986","0.7502549","-7.92086124420166E-4","-0.40658295154571533","0.46807447","0.99999785","-0.2015599","0.30956","-0.0011279749451205134","0.5987775921821594","9.642767254263163E-4","1.0","0.5"
"0.36030828952789307","0.23649486899375916","0.21727894","0.012581456","0.7086607","0.196679","-0.5105193","0.7502505","-7.856488227844238E-4","-0.4062572717666626","0.46271133","0.9999979","-0.2105993","0.31199878","-6.699127261526883E-4","0.2956463694572449","9.011010406538844E-4","1.0","0.5"
"0.3682997226715088","0.24168595671653748","0.20534074","0.011411754","0.71067554","0.20363057","-0.5016184","0.75024515","-7.789731025695801E-4","-0.4059155583381653","0.45724088","0.99999815","-0.2198193","0.31452632","-2.7074781246483326E-4","-0.13781005144119263","9.302693069912493E-4","1.0","0.5"
"0.37626415491104126","0.2468261569738388","0.1942126","0.010369945","0.71267015","0.21034038","-0.49626684","0.75023586","-7.724165916442871E-4","-0.4055711627006531","0.45187774","0.99999833","-0.22885865","0.31704435","-2.6888406137004495E-4","-0.21312585473060608","4.0267969598062336E-4","1.0","0.5"
"0.3843573033809662","0.25201690196990967","0.18365175","0.009423721","0.714684","0.21694541","-0.4948632","0.7502233","-7.658004760742188E-4","-0.4052172899246216","0.44651458","0.9999987","-0.23789805","0.3196031","-4.4211678323335946E-4","-0.16462872922420502","-1.2852836516685784E-4","1.0","0.5"
"0.3924139142036438","0.2571529746055603","0.1738245","0.008580571","0.71667624","0.2233181","-0.49628937","0.75020915","-7.593631744384766E-4","-0.4048612117767334","0.44125867","0.9999987","-0.2467565","0.32215092","-8.766783284954727E-4","0.23514601588249207","-0.001143088797107339","1.0","0.5"
"0.4009319543838501","0.2625505328178406","0.16327032","0.0077816965","0.7224372","0.22984517","-0.49838734","0.7501948","-7.52568244934082E-4","-0.4044806957244873","0.43578824","0.9999988","-0.25597662","0.32484627","-9.850144851952791E-4","0.2998102605342865","-0.0014673713594675064","1.0","0.5"
"0.40941542387008667","0.26789388060569763","0.15332685","0.007066036","0.7284521","0.23614168","-0.50022936","0.75018233","-7.460117340087891E-4","-0.4040977358818054","0.43042508","0.9999989","-0.26501584","0.32753295","-0.0014310113620012999","0.679876983165741","-0.0021223060321062803","1.0","0.5"
"0.4180304706096649","0.2732885181903839","0.14373973","0.0064077196","0.7346551","0.24233675","-0.5009973","0.75017166","-7.393956184387207E-4","-0.40370482206344604","0.4250619","0.999999","-0.27405524","0.33026442","-0.001966198906302452","0.9818246960639954","-0.0021925480104982853","1.0","0.5"
"0.4267779290676117","0.2787347733974457","0.13456059","0.0058048447","0.74103594","0.24843204","-0.50034946","0.7501626","-7.326602935791016E-4","-0.4033018946647644","0.41969875","0.99999917","-0.28309458","0.33304182","-0.002359498990699649","0.7950682044029236","-0.0019242718117311597","1.0","0.5"
"0.43547967076301575","0.2841224670410156","0.12600482","0.005265664","0.7474512","0.25431073","-0.49916703","0.75015485","-7.26163387298584E-4","-0.4028971195220947","0.41444287","0.99999917","-0.2919531","0.33580935","-0.0021514606196433306","0.107417531311512","-0.0014319452457129955","1.0","0.5"
"0.4444917142391205","0.2896718680858612","0.11775257","0.0047654663","0.7541514","0.2602136","-0.49878812","0.75014716","-7.194280624389648E-4","-0.40247392654418945","0.40907967","0.9999992","-0.30099243","0.33868122","-0.0017812461592257023","-0.3049689531326294","-0.001604642253369093","1.0","0.5"
"0.45363834500312805","0.29527390003204346","0.11000341","0.0043128044","0.7609947","0.266021","-0.49900192","0.7501398","-7.127523422241211E-4","-0.4020402431488037","0.40371653","0.9999992","-0.31003183","0.34160256","-0.0012154406867921352","-0.3938498795032501","-0.0016503335209563375","1.0","0.5"
"0.46292001008987427","0.3009290099143982","0.10276598","0.0039044733","0.7679679","0.2717346","-0.4993871","0.75013226","-7.060766220092773E-4","-0.4015961289405823","0.39835334","0.9999995","-0.31907105","0.34457484","-0.0015033951494842768","-0.1743117868900299","-0.0018417094834148884","1.0","0.5"
"0.4723372161388397","0.3066376745700836","0.09603619","0.0035370335","0.7750568","0.2773546","-0.49952698","0.75012493","-6.992816925048828E-4","-0.40114128589630127","0.3929902","0.9999994","-0.3281104","0.34759918","-0.0017987457104027271","0.011565015651285648","-0.00193272705655545","1.0","0.5"
"0.48208290338516235","0.3125161826610565","0.08967551","0.0032005426","0.78239125","0.2829919","-0.4994778","0.7501181","-6.924271583557129E-4","-0.4006662964820862","0.38751975","0.9999994","-0.33733052","0.35073924","-0.0019339536083862185","0.03195299953222275","-0.0018594373250380158","1.0","0.5"
"0.491775780916214","0.31833454966545105","0.08389797","0.0029041849","0.7896674","0.2884277","-0.49944186","0.7501114","-6.856322288513184E-4","-0.4001896381378174","0.3821566","0.9999995","-0.34636974","0.3538733","-0.0019203893607482314","0.008035738952457905","-0.0017572407377883792","1.0","0.5"
"0.5010126829147339","0.32385408878326416","0.07883328","0.002652096","0.7965691","0.29371","-0.49945897","0.75010145","-6.792545318603516E-4","-0.39973151683807373","0.37711525","0.9999996","-0.35486668","0.35687083","-0.0017425132682546973","-0.0023710872046649456","0.0014948461903259158","1.0","0.5"
"0.5109724998474121","0.3297800123691559","0.07376504","0.0024078356","0.8039603","0.30053747","-0.499519","0.7500712","-6.725788116455078E-4","-0.3992334008216858","0.37175208","0.99999964","-0.3639061","0.36011595","-0.0017864417750388384","0.0011943884892389178","0.0028404495678842068","1.0","0.5"
"0.5210690498352051","0.33576157689094543","0.0689331","0.0021835864","0.81138283","0.30838692","-0.49960685","0.75002444","-6.657838821411133E-4","-0.3987240791320801","0.36638892","0.9999996","-0.3729453","0.36342055","-0.0018247023690491915","0.0015460021095350385","0.0013975310139358044","1.0","0.5"
"0.5310962796211243","0.3416772186756134","0.064378954","0.00198056","0.8186666","0.31682158","-0.49971431","0.74996626","-6.591081619262695E-4","-0.39821386337280273","0.361133","0.99999964","-0.38180387","0.36671853","-0.0019344602478668094","0.001613872591406107","8.111819624900818E-4","1.0","0.5"
"0.5416724681854248","0.34789004921913147","0.059881516","0.0017872499","0.8262348","0.32623732","-0.49984467","0.74989533","-6.522536277770996E-4","-0.397671103477478","0.35566258","0.99999976","-0.39102405","0.37021527","-0.0019543389789760113","0.001843267004005611","4.528991412371397E-4","1.0","0.5"
"0.5519680976867676","0.3539118766784668","0.05580716","0.0016180703","0.8334705","0.33582664","-0.49998438","0.74981827","-6.456375122070312E-4","-0.3971381187438965","0.35040668","0.99999976","-0.39988256","0.37363827","-0.00193737109657377","0.0019855934660881758","2.741747593972832E-4","1.0","0.5"
"0.5628238320350647","0.36023300886154175","0.05183352","0.0014583461","0.840938","0.34634292","-0.5001439","0.74972934","-6.387233734130859E-4","-0.3965712785720825","0.34493625","0.9999998","-0.40910268","0.37726888","-0.0019946072716265917","0.002059898804873228","1.2983351189177483E-4","1.0","0.5"
"0.5736052393913269","0.3664817214012146","0.048207905","0.001317028","0.84816885","0.35717535","-0.50031424","0.7496338","-6.32166862487793E-4","-0.39600348472595215","0.33957312","0.9999998","-0.41814196","0.38089743","-0.0020519958343356848","0.002429611049592495","1.3693164510186762E-4","1.0","0.5"
"0.5845234394073486","0.3727796971797943","0.04485041","0.001189833","0.8552819","0.36852515","-0.5004966","0.74952996","-6.255507469177246E-4","-0.3954235315322876","0.33420995","0.9999998","-0.42718124","0.38459647","-0.0021110749803483486","0.0025379585567861795","2.074047806672752E-4","1.0","0.5"
"0.5953556895256042","0.3789976239204407","0.041815758","0.0010778549","0.8620283","0.38015378","-0.500687","0.74942034","-6.191730499267578E-4","-0.39484310150146484","0.32895404","0.99999976","-0.43603975","0.3882918","-0.0021461881697177887","0.002726323204115033","1.1462009570095688E-4","1.0","0.5"
"0.606543242931366","0.3853870630264282","0.039273925","9.753952E-4","0.8620346","0.39237642","-0.5008893","0.74930286","-6.12795352935791E-4","-0.3942384719848633","0.32359084","0.9999998","-0.4450791","0.3921366","-0.002312003867700696","0.002850172109901905","-0.001669720746576786","1.0","0.5"
"0.6180943250656128","0.3919481337070465","0.036875285","8.819111E-4","0.8620411","0.40503502","-0.50109905","0.7491808","-6.063580513000488E-4","-0.39360862970352173","0.31812042","1.0","-0.4542992","0.39613757","-0.0023528961464762688","0.0029947487637400627","-0.001059527974575758","1.0","0.5"
"0.6295559406280518","0.3984208106994629","0.034691818","7.997499E-4","0.8620476","0.41772664","-0.50130934","0.7490574","-6.001591682434082E-4","-0.39297813177108765","0.31275728","0.99999994","-0.46333855","0.40014005","-0.0024116719141602516","0.003186348592862487","-7.855524308979511E-4","1.0","0.5"
"0.6411529779434204","0.40493062138557434","0.032646626","7.2560675E-4","0.8620542","0.43078482","-0.5015264","0.7489291","-5.942583084106445E-4","-0.392334520816803","0.30739412","1.0","-0.47237778","0.40422422","-0.0024435357190668583","0.0032738391309976578","-3.9195967838168144E-4","1.0","0.5"
"0.6528847813606262","0.4114744961261749","0.030701773","6.5804715E-4","0.86200595","0.4443102","-0.50175256","0.7487945","-5.884170532226562E-4","-0.3916776776313782","0.30203095","0.99999994","-0.48141718","0.4083927","-0.002400534925982356","0.0033773635514080524","1.1382546654203907E-4","1.0","0.5"
"0.6647480130195618","0.4180489778518677","0.02904478","5.95577E-4","0.854916","0.4578389","-0.5019771","0.7486614","-5.828142166137695E-4","-0.39100736379623413","0.29666778","0.99999994","-0.49045646","0.41264796","-0.0028471483383327723","0.003913047723472118","-0.009161794558167458","1.0","0.5"
"0.6767497658729553","0.424650639295578","0.02737481","5.3704344E-4","0.8477986","0.4690497","-0.50213623","0.74856824","-5.77390193939209E-4","-0.3903234004974365","0.29130462","0.99999994","-0.4994958","0.4169929","-0.002808190416544676","0.003940748982131481","-0.008352282457053661","1.0","0.5"
"0.6889038681983948","0.43127700686454773","0.025745742","4.8328764E-4","0.84065634","0.47847497","-0.50224113","0.7485074","-5.721449851989746E-4","-0.389625608921051","0.28594145","0.9999998","-0.50853515","0.42143023","-0.0027611961122602224","0.0038667991757392883","-0.005345720332115889","1.0","0.5"
"0.7011842131614685","0.43792667984962463","0.024175081","4.3425133E-4","0.8334909","0.48673773","-0.50231206","0.748467","-5.671977996826172E-4","-0.3889138698577881","0.28059053","0.9465399","-0.5175538","0.40318123","-6.104385829530656E-4","-1.9365421030670404E-4","-1.0","0.9396891","0.5"
"0.7075749635696411","0.44458699226379395","0.022360925","3.8973356E-4","0.82631546","0.4516629","-0.5022491","0.7485395","-5.623698234558105E-4","-0.38819068670272827","0.27754876","0.30905062","-0.5226805","0.13244891","-0.0027796896174550056","0.0012807386228814721","-0.0092695914208889","0.30166778","0.5"
"0.7085914015769958","0.451231449842453","0.020313783","3.4957868E-4","0.81915855","0.42667782","-0.5021805","0.748595","-5.577206611633301E-4","-0.3874639868736267","0.27658597","0.10093202","-0.5243033","0.043340333","-0.0012823032448068261","0.0016635870561003685","0.6651590466499329","0.0985237","0.5"
"0.7080098390579224","0.4577125906944275","0.018390087","3.1419512E-4","0.812179","0.4128343","-0.50214195","0.7486253","-5.53131103515625E-4","-0.3867519497871399","0.27624023","0.05","-0.524886","0.02148508","-9.399226983077824E-4","0.001075315405614674","-0.205061674118042","0.05","0.5"
"0.7069639563560486","0.4645092189311981","0.016557012","2.8093313E-4","0.8048995","0.40142894","-0.5021045","0.74865025","-5.483627319335938E-4","-0.3860018849372864","0.27604178","0.0","-0.52522045","0.0","0.004594313446432352","8.254708372987807E-4","0.13946054875850677","0.0","0.5"
"0.7047491073608398","0.4766693413257599","0.013688766","2.2977406E-4","0.79191434","0.38869357","-0.5020654","0.74867564","-5.397200584411621E-4","-0.38465172052383423","0.27581736","0.0","-0.5255987","0.0","-0.03294532001018524","3.369637415744364E-4","-0.47607752680778503","0.0","0.5"
"0.7017693519592285","0.4895496368408203","0.0111267995","1.848473E-4","0.7780572","0.3824551","-0.5020522","0.74869436","-5.306005477905273E-4","-0.38320988416671753","0.27581736","0.0","-0.5255987","0.0","0.002745454665273428","2.223559858975932E-4","0.10906273126602173","0.0","0.5"
"0.6988328695297241","0.5022628307342529","0.009006478","1.4822268E-4","0.76438683","0.3796655","-0.50205517","0.74870425","-5.214214324951172E-4","-0.38177454471588135","0.27581736","0.0","-0.5255987","0.0","0.002641296247020364","1.2872838124167174E-4","0.0804288312792778","0.0","0.5"
"0.6959384679794312","0.5148093104362488","0.007271509","1.18535725E-4","0.75090235","0.37924087","-0.5020633","0.7487098","-5.12242317199707E-4","-0.38034552335739136","0.27581736","0.0","-0.5255987","0.0","0.002037888625636697","4.0702994738239795E-5","0.06068441644310951","0.0","0.5"
"0.6931420564651489","0.526943564414978","0.005891442","9.513562E-5","0.7378675","0.38047957","-0.5020746","0.7487122","-5.033612251281738E-4","-0.37895113229751587","0.27581736","0.0","-0.5255987","0.0","0.0012755932984873652","1.8498794815968722E-5","0.045834124088287354","0.0","0.5"
"0.6903287768363953","0.5391611456871033","0.004756629","7.6064E-5","0.72474915","0.3829682","-0.5020882","0.74871224","-4.942417144775391E-4","-0.37753432989120483","0.27581736","0.0","-0.5255987","0.0","0.0011139981215819716","-1.411673474649433E-5","0.03472555801272392","0.0","0.5"
"0.6875554323196411","0.551213264465332","0.003846377","6.0900824E-5","0.7118148","0.38635695","-0.50210357","0.7487107","-4.852414131164551E-4","-0.37612348794937134","0.27581736","0.0","-0.5255987","0.0","7.861654739826918E-4","-1.9454793800832704E-5","0.02633557841181755","0.0","0.5"
"0.6848214864730835","0.5631000995635986","0.0031108677","4.8758666E-5","0.69906384","0.39040053","-0.50212014","0.7487079","-4.761815071105957E-4","-0.37471848726272583","0.27581736","0.0","-0.5255987","0.0","7.570089655928314E-4","-2.2507712856167927E-5","0.01981484517455101","0.0","0.5"
"0.6820729970932007","0.5750548243522644","0.0024961182","3.871717E-5","0.68638015","0.39501584","-0.50213826","0.748704","-4.6694278717041016E-4","-0.3732913136482239","0.27581736","0.0","-0.5255987","0.0","9.437076514586806E-4","-2.3312331904890016E-5","0.01487853191792965","0.0","0.5"
"0.6794173121452332","0.5866090059280396","0.0019878338","3.0837284E-5","0.68126386","0.3998915","-0.502157","0.74869925","-4.5794248580932617E-4","-0.37189775705337524","0.27581736","0.0","-0.5255987","0.0","4.106285341549665E-4","-2.528786353650503E-5","0.011182735674083233","0.0","0.5"
"0.6767997145652771","0.597998857498169","0.0015716163","2.4576879E-5","0.6815272","0.40502155","-0.5021765","0.7486938","-4.489421844482422E-4","-0.3705097436904907","0.27581736","0.0","-0.5255987","0.0","2.2188365983311087E-4","-2.3582317226100713E-5","0.008469508029520512","0.0","0.5"
"0.6742198467254639","0.6092248558998108","0.0012393495","1.9624647E-5","0.6848513","0.41033936","-0.5021969","0.74868774","-4.40061092376709E-4","-0.36912721395492554","0.27581736","0.0","-0.5255987","0.0","-1.3341993326321244E-4","-2.1652911527780816E-5","0.006545515730977058","0.0","0.5"
"0.6717277765274048","0.6200675368309021","9.82088E-4","1.5762042E-5","0.68901294","0.415686","-0.50221735","0.7486815","-4.3129920959472656E-4","-0.36777740716934204","0.27581736","0.0","-0.5255987","0.0","-1.8192937204730697E-5","-1.8196471501141787E-5","0.005037476774305105","0.0","0.5"
"0.669221818447113","0.6309698224067688","7.6703506E-4","1.2453906E-5","0.6922405","0.42124605","-0.502239","0.7486745","-4.2235851287841797E-4","-0.3664051294326782","0.27581736","0.0","-0.5255987","0.0","2.6960019022226334E-4","-1.7429711078875698E-5","0.003869637381285429","0.0","0.5"
"0.6667041182518005","0.641922116279602","5.704446E-4","9.328126E-6","0.6926586","0.4269992","-0.50226164","0.748667","-4.132390022277832E-4","-0.36501073837280273","0.27581736","0.0","-0.5255987","0.0","2.3879802029114217E-4","-1.4326571545097977E-5","0.0029692770913243294","0.0","0.5"
"0.6642732620239258","0.652495265007019","4.0118073E-4","6.575679E-6","0.6902483","0.43270123","-0.50228447","0.7486592","-4.044175148010254E-4","-0.3636487126350403","0.27581736","0.0","-0.5255987","0.0","1.1101974814664572E-4","-1.2045163202856202E-5","0.0022301501594483852","0.0","0.5"
"0.6618797183036804","0.6629059314727783","2.5748528E-4","4.214438E-6","0.6858687","0.43845117","-0.5023079","0.74865097","-3.955364227294922E-4","-0.3622915744781494","0.27581736","0.0","-0.5255987","0.0","1.7472243052907288E-4","-9.378790309710894E-6","0.0016748352209106088","0.0","0.5"
"0.6595699787139893","0.6729510426521301","1.4435378E-4","2.3505324E-6","0.6801771","0.44412267","-0.5023314","0.7486426","-3.8689374923706055E-4","-0.36096620559692383","0.27581736","0.0","-0.5255987","0.0","8.56088736327365E-5","-6.578695320058614E-6","0.0012348104501143098","0.0","0.5"
"0.6572498083114624","0.6830407977104187","6.037427E-5","9.720578E-7","0.6734227","0.44994104","-0.502356","0.7486337","-3.7807226181030273E-4","-0.3596183657646179","0.27581736","0.0","-0.5255987","0.0","9.450269863009453E-5","-4.531521881290246E-6","9.596910094842315E-4","0.0","0.5"
"0.6549665331840515","0.6929688453674316","1.1479221E-5","1.7949732E-7","0.6698159","0.4557855","-0.50238127","0.7486243","-3.692507743835449E-4","-0.35827523469924927","0.27581736","0.0","-0.5255987","0.0","-9.350514301331714E-5","-2.257648475278984E-6","9.445974719710648E-4","0.0","0.5"
"0.6527062058448792","0.7027642726898193","0.0","0.0","0.012539185","0.46189272","-0.50240874","0.74861366","-3.604292869567871E-4","-0.3569326400756836","0.27581736","0.0","-0.5255987","0.0","0.003371758386492729","2.7566819335334003E-4","1.0","0.0","0.5"
"0.6514657139778137","0.708105206489563","0.0","0.0","0.012539185","0.4709072","-0.50244415","0.7485898","-3.5560131072998047E-4","-0.356192946434021","0.27581736","0.0","-0.5255987","0.0","4.5721002970822155E-4","2.1918548736721277E-4","1.0","0.0","0.5"
"0.6503662467002869","0.7128834128379822","0.0","0.0","0.012539185","0.4853326","-0.50249827","0.7485512","-3.5119056701660156E-4","-0.35552650690078735","0.27581736","0.0","-0.5255987","0.0","-1.9487662939354777E-4","3.192718941136263E-5","0.2310469001531601","0.0","0.5"
"0.6492975354194641","0.7175269722938538","0.0","0.0","0.012539185","0.5015619","-0.50256246","0.7485059","-3.4689903259277344E-4","-0.35487431287765503","0.27581736","0.0","-0.5255987","0.0","-3.54460091330111E-4","-9.380929100188951E-7","0.02831137366592884","0.0","0.5"
"0.6482158899307251","0.722225546836853","0.0","0.0","0.012539185","0.51837933","-0.502635","0.74845666","-3.425478935241699E-4","-0.3542099595069885","0.27581736","0.0","-0.5255987","0.0","1.4075382205192E-4","-2.488362270014477E-6","0.003356460016220808","0.0","0.5"
"0.6471219062805176","0.7269766926765442","0.0","0.0","0.012539185","0.5355649","-0.50271535","0.74840325","-3.380775451660156E-4","-0.35353344678878784","0.27581736","0.0","-0.5255987","0.0","-5.372731247916818E-4","2.6713980787462788E-6","4.316752019803971E-4","0.0","0.5"
"0.6460795402526855","0.731502115726471","0.0","0.0","0.012539185","0.55207956","-0.50279915","0.7483489","-3.338456153869629E-4","-0.3528844118118286","0.27581736","0.0","-0.5255987","0.0","-0.0015131084946915507","-2.8063086574547924E-6","7.003437349339947E-5","0.0","0.5"
"0.6450458765029907","0.7359890341758728","0.0","0.0","0.012539185","0.5685947","-0.5028899","0.74829125","-3.294944763183594E-4","-0.35223639011383057","0.27581736","0.0","-0.5255987","0.0","7.51031213440001E-4","-9.001577154776896E-7","1.913707674248144E-4","0.0","0.5"
"0.6439999341964722","0.740527868270874","0.0","0.0","0.012539185","0.58544683","-0.5029906","0.74822843","-3.2520294189453125E-4","-0.35157614946365356","0.27581736","0.0","-0.5255987","0.0","-3.100290196016431E-4","-8.199809826692217E-7","4.5311497524380684E-4","0.0","0.5"
"0.6429629921913147","0.745026707649231","0.0","0.0","0.012539185","0.6022986","-0.5031006","0.74816114","-3.2085180282592773E-4","-0.35091692209243774","0.27581736","0.0","-0.5255987","0.0","-1.6755060642026365E-4","-4.96598067911691E-6","-2.2114458261057734E-4","0.0","0.5"
"0.6419758796691895","0.7493078708648682","0.0","0.0","0.012539185","0.618477","-0.5032161","0.7480917","-3.16619873046875E-4","-0.35028499364852905","0.27581736","0.0","-0.5255987","0.0","-2.4038842821028084E-4","-4.219661605020519E-6","5.193439428694546E-4","0.0","0.5"
"0.6409767270088196","0.7536402344703674","0.0","0.0","0.012539185","0.63499177","-0.50334567","0.74801517","-3.1238794326782227E-4","-0.3496408462524414","0.27581736","0.0","-0.5255987","0.0","-3.285440616309643E-4","-6.932884389243554E-6","-0.0010176063515245914","0.0","0.5"
"0.6399459838867188","0.7581087350845337","0.0","0.0","0.012539185","0.6521807","-0.5034939","0.7479287","-3.0797719955444336E-4","-0.3489713668823242","0.27581736","0.0","-0.5255987","0.0","-1.394491409882903E-4","-2.314030780325993E-6","1.0697830293793231E-4","0.0","0.5"
"0.6389643549919128","0.7623628377914429","0.0","0.0","0.012539185","0.6686957","-0.50365186","0.7478381","-3.037452697753906E-4","-0.34832918643951416","0.27581736","0.0","-0.5255987","0.0","-0.0010118185309693217","-3.6104027003602823E-6","-1.4440035556617659E-5","0.0","0.5"
"0.6379715800285339","0.7666641473770142","0.0","0.0","0.012539185","0.6855476","-0.5038308","0.7477368","-2.993941307067871E-4","-0.34767472743988037","0.27581736","0.0","-0.5255987","0.0","2.1227933757472783E-4","-5.5738632909196895E-6","-1.58741619088687E-4","0.0","0.5"
"0.6369878053665161","0.7709256410598755","0.0","0.0","0.012539185","0.7023994","-0.5040313","0.7476247","-2.95102596282959E-4","-0.34702134132385254","0.27581736","0.0","-0.5255987","0.0","-1.135393395088613E-4","-2.774536369543057E-6","1.7262295295950025E-4","0.0","0.5"
"0.6360129117965698","0.7751471996307373","0.0","0.0","0.012539185","0.71925116","-0.5042565","0.74750036","-2.906918525695801E-4","-0.3463687300682068","0.27581736","0.0","-0.5255987","0.0","7.47384678106755E-4","-1.5548279179711244E-6","1.0972149902954698E-4","0.0","0.5"
"0.6350468993186951","0.7793288826942444","0.0","0.0","0.012539185","0.7361026","-0.50451225","0.747361","-2.8645992279052734E-4","-0.345717191696167","0.27581736","0.0","-0.5255987","0.0","5.461138789542019E-4","-3.461033202256658E-6","0.0013248400064185262","0.0","0.5"
"0.6340898871421814","0.7834709286689758","0.0","0.0","0.012539185","0.7529541","-0.5048035","0.7472038","-2.8210878372192383E-4","-0.34506648778915405","0.27581736","0.0","-0.5255987","0.0","-1.8056482076644897E-4","-5.1977158364024945E-6","-6.208752747625113E-4","0.0","0.5"
"0.633141815662384","0.7875730991363525","0.0","0.0","0.012539185","0.7695105","-0.50513184","0.7470281","-2.778172492980957E-4","-0.3444167375564575","0.27581736","0.0","-0.5255987","0.0","-1.723072819004301E-5","-9.54595161601901E-5","-0.3394703269004822","0.0","0.5"
"0.632202684879303","0.7916355729103088","0.0","0.0","0.012539185","0.78409016","-0.50546455","0.74685186","-2.734661102294922E-4","-0.34376782178878784","0.27581736","0.0","-0.5255987","0.0","5.841846577823162E-4","-7.171276229200885E-5","-0.32675302028656006","0.0","0.5"
"0.6312724947929382","0.7956582903862","0.0","0.0","0.012539185","0.79658616","-0.50578797","0.74668187","-2.6917457580566406E-4","-0.3431198000907898","0.27581736","0.0","-0.5255987","0.0","5.327123217284679E-4","-6.362273416016251E-5","-0.28211548924446106","0.0","0.5"
"0.630351185798645","0.7996412515640259","0.0","0.0","0.012539185","0.80727065","-0.5060995","0.74651915","-2.6482343673706055E-4","-0.3424726724624634","0.27581736","0.0","-0.5255987","0.0","-3.178207844030112E-4","-5.4012882173992693E-5","-0.24277833104133606","0.0","0.5"
"0.6294388175010681","0.8035845160484314","0.0","0.0","0.012539185","0.81640387","-0.50639486","0.74636567","-2.6047229766845703E-4","-0.3418263792991638","0.27581736","0.0","-0.5255987","0.0","-2.9652233934029937E-4","-5.267022061161697E-5","-0.20608440041542053","0.0","0.5"
"0.6285353899002075","0.807488203048706","0.0","0.0","0.012539185","0.8242103","-0.5066719","0.74622244","-2.562403678894043E-4","-0.3411809802055359","0.27581736","0.0","-0.5255987","0.0","1.0442739039717708E-5","-4.7334597184089944E-5","-0.17755438387393951","0.0","0.5"
"0.6276408433914185","0.8113522529602051","0.0","0.0","0.012539185","0.8308821","-0.5069299","0.7460899","-2.5194883346557617E-4","-0.3405364155769348","0.27581736","0.0","-0.5255987","0.0","-0.0011223203036934137","-3.5409906558925286E-5","-0.15126445889472961","0.0","0.5"
"0.6267552375793457","0.8151766657829285","0.0","0.0","0.012539185","0.83658516","-0.507167","0.7459681","-2.4771690368652344E-4","-0.3398926854133606","0.27581736","0.0","-0.5255987","0.0","6.671253504464403E-5","-3.222397208446637E-5","-0.1295657753944397","0.0","0.5"
"0.6258785724639893","0.818961501121521","0.0","0.0","0.012539185","0.8414601","-0.5073836","0.74585724","-2.4336576461791992E-4","-0.33924973011016846","0.27581736","0.0","-0.5255987","0.0","-6.721566896885633E-4","-2.889043025788851E-5","-0.11054159700870514","0.0","0.5"
"0.6250108480453491","0.8227066993713379","0.0","0.0","0.012539185","0.8456265","-0.50758004","0.74575686","-2.390742301940918E-4","-0.3386076092720032","0.27581736","0.0","-0.5255987","0.0","-4.093258175998926E-4","-2.3737246010568924E-5","-0.09396465122699738","0.0","0.5"
"0.6241520643234253","0.8264124989509583","0.0","0.0","0.012539185","0.8491876","-0.50775665","0.74566674","-2.3484230041503906E-4","-0.33796626329421997","0.27581736","0.0","-0.5255987","0.0","6.658894708380103E-4","-1.9874878489645198E-5","-0.07969316840171814","0.0","0.5"
"0.623302161693573","0.830078661441803","0.0","0.0","0.012539185","0.8522315","-0.5079143","0.7455866","-2.3049116134643555E-4","-0.3373258113861084","0.27581736","0.0","-0.5255987","0.0","0.0011863375548273325","-1.2633206097234506E-5","-0.06799826771020889","0.0","0.5"
"0.6224611401557922","0.8337053656578064","0.0","0.0","0.012539185","0.85483336","-0.5080542","0.74551547","-2.262592315673828E-4","-0.33668601512908936","0.27581736","0.0","-0.5255987","0.0","-5.790641298517585E-4","-1.4735755030415021E-5","-0.058721620589494705","0.0","0.5"
"0.6216291189193726","0.8372926712036133","0.0","0.0","0.012539185","0.857057","-0.5081783","0.74545264","-2.2202730178833008E-4","-0.33604705333709717","0.27581736","0.0","-0.5255987","0.0","2.5405947235412896E-4","-1.6606738427071832E-5","-0.05107058957219124","0.0","0.5"
"0.6208059787750244","0.8408404588699341","0.0","0.0","0.012539185","0.8589575","-0.5082879","0.7453971","-2.1767616271972656E-4","-0.33540886640548706","0.27581736","0.0","-0.5255987","0.0","-0.0011195065453648567","-1.1906806321348995E-5","-0.04263918846845627","0.0","0.5"
"0.6199917793273926","0.8443488478660583","0.0","0.0","0.012539185","0.8605825","-0.50838363","0.74534893","-2.1344423294067383E-4","-0.33477139472961426","0.27581736","0.0","-0.5255987","0.0","-7.137503125704825E-4","-9.902024430630263E-6","-0.037074945867061615","0.0","0.5"
"0.619186520576477","0.8478178381919861","0.0","0.0","0.012539185","0.8619714","-0.50846803","0.7453064","-2.092123031616211E-4","-0.33413469791412354","0.27581736","0.0","-0.5255987","0.0","-5.984422168694437E-4","-8.782846634858288E-6","-0.03193837031722069","0.0","0.5"
"0.6183901429176331","0.8512474298477173","0.0","0.0","0.012539185","0.8631581","-0.5085416","0.7452696","-2.0498037338256836E-4","-0.3334987163543701","0.27581736","0.0","-0.5255987","0.0","3.0153035186231136E-4","-8.086993148026522E-6","-0.027385864406824112","0.0","0.5"
"0.6176027059555054","0.8546377420425415","0.0","0.0","0.012539185","0.86417234","-0.5086056","0.7452377","-2.0062923431396484E-4","-0.3328635096549988","0.27581736","0.0","-0.5255987","0.0","1.1658844414341729E-5","-6.38896881355322E-6","-0.02321629971265793","0.0","0.5"
"0.6167739629745483","0.8582047820091248","0.0","0.0","0.012539185","0.86497366","-0.5086577","0.74521196","-1.9615888595581055E-4","-0.33218783140182495","0.27581736","0.0","-0.5255987","0.0","-3.309087478555739E-4","-3.694830411404837E-6","-0.019975854083895683","0.0","0.5"
"0.6140386462211609","0.8699707984924316","0.0","0.0","0.012539185","0.865643","-0.50870574","0.7451884","-1.8084049224853516E-4","-0.3299020528793335","0.27581736","0.0","-0.5255987","0.0","-3.309087478555739E-4","-3.694830411404837E-6","-0.019975854083895683","0.0","0.5"
"0.607965350151062","0.8960528373718262","0.0","0.0","0.012539185","0.86724687","-0.508823","0.7451311","-1.443028450012207E-4","-0.3244664669036865","0.27581736","0.0","-0.5255987","0.0","-3.309087478555739E-4","-3.694830411404837E-6","-0.019975854083895683","0.0","0.5"
"0.5912708044052124","0.967423141002655","0.0","0.0","0.012539185","0.87320054","-0.50928336","0.7449057","-1.0371208190917969E-5","-0.3046305179595947","0.27581736","0.0","-0.5255987","0.0","-3.309087478555739E-4","-3.694830411404837E-6","-0.019975854083895683","0.0","0.5"
"0.5866435766220093","0.9871126413345337","0.0","0.0","0.012539185","0.87598336","-0.5095135","0.74479276","5.14984130859375E-5","-0.29548972845077515","0.27581736","0.0","-0.5255987","0.0","-3.309087478555739E-4","-3.694830411404837E-6","-0.019975854083895683","0.0","0.5"
"0.5848216414451599","0.994853675365448","0.0","0.0","0.012539185","0.87767744","-0.5096587","0.74472153","8.90493392944336E-5","-0.2899496555328369","0.27581736","0.0","-0.5255987","0.0","-3.309087478555739E-4","-3.694830411404837E-6","-0.019975854083895683","0.0","0.5"
"0.584395706653595","0.9966622591018677","0.0","0.0","0.012539185","0.87822604","-0.5097066","0.7446981","1.010894775390625E-4","-0.2881696820259094","0.27581736","0.0","-0.5255987","0.0","-0.002193342661485076","-5.46681258128956E-6","-0.7976040840148926","0.0","0.5"
"0.5842685699462891","0.9972020387649536","0.0","0.0","0.012539185","0.87749493","-0.5096332","0.74473536","1.0514259338378906E-4","-0.28756409883499146","0.27581736","0.0","-0.5255987","0.0","7.075085304677486E-4","-4.871693818131462E-6","-0.02149432897567749","0.0","0.5"
"0.5841504335403442","0.9977034330368042","0.0","0.0","0.012539185","0.8764849","-0.50954366","0.7447815","1.093149185180664E-4","-0.28695857524871826","0.27581736","0.0","-0.5255987","0.0","4.174896457698196E-4","-1.5518971849814989E-6","0.01752294786274433","0.0","0.5"
"0.584043562412262","0.9981574416160583","0.0","0.0","0.012539185","0.8755883","-0.50946665","0.7448212","1.1324882507324219E-4","-0.286365270614624","0.27581736","0.0","-0.5255987","0.0","6.311826873570681E-4","-5.143946850694192E-7","0.020737936720252037","0.0","0.5"
"0.5839414596557617","0.998590886592865","0.0","0.0","0.012539185","0.87478435","-0.50939894","0.74485624","1.1754035949707031E-4","-0.2857479453086853","0.27581736","0.0","-0.5255987","0.0","5.294517613947392E-4","1.6149297152878717E-6","0.01812480390071869","0.0","0.5"
"0.5847182273864746","0.9989768862724304","0.0","0.0","0.012539185","0.8741095","-0.5093471","0.74488163","1.2159347534179688E-4","-0.2851426601409912","0.2754956","1.0","-0.5261411","0.43034992","-0.010036485269665718","-1.481053768657148E-4","-0.23306463658809662","1.0","0.5"
"0.5991900563240051","0.9993199110031128","0.0","0.0","0.012539185","0.86710346","-0.5088787","0.74512476","1.2552738189697266E-4","-0.2845289707183838","0.2701324","1.0","-0.53518033","0.4350777","-0.0028747308533638716","-6.461738375946879E-4","0.04542829096317291","1.0","0.5"
"0.6138430237770081","0.9996210932731628","0.0","0.0","0.012539185","0.866982","-0.5088531","0.74514186","1.2934207916259766E-4","-0.28390002250671387","0.26476923","1.0","-0.54421973","0.4399106","-0.0028586960397660732","2.836702624335885E-4","0.01699613593518734","1.0","0.5"
"0.6286726593971252","0.9998825192451477","0.0","0.0","0.012539185","0.86800504","-0.50890326","0.74511975","1.329183578491211E-4","-0.2832558751106262","0.2594061","1.0","-0.5532589","0.444852","-0.002881773514673114","1.2933330435771495E-4","-0.005227438639849424","1.0","0.5"
"0.6433799862861633","1.0001018047332764","0.0","0.0","0.012539185","0.86851573","-0.5089227","0.745113","1.3625621795654297E-4","-0.28260958194732666","0.25415018","1.0","-0.5621176","0.4498035","-0.0029179053381085396","1.3104105892125517E-4","0.002624951070174575","1.0","0.5"
"0.6585681438446045","1.000290036201477","0.0","0.0","0.012539185","0.86877716","-0.5089262","0.74511445","1.3935565948486328E-4","-0.28193461894989014","0.24878702","1.0","-0.57115686","0.45497105","-0.0029532581102102995","1.405596121912822E-4","0.0014154668897390366","1.0","0.5"
"0.6730139255523682","1.0004361867904663","0.0","0.0","0.012539185","0.8689259","-0.50892353","0.74511874","1.4221668243408203E-4","-0.2812855839729309","0.24374565","1.0","-0.57965374","0.45993787","-0.00296228239312768","1.48466628161259E-4","0.0017511857440695167","1.0","0.5"
"0.688877284526825","1.000563621520996","0.0","0.0","0.012539185","0.8690263","-0.5089167","0.74512535","1.4507770538330078E-4","-0.28056538105010986","0.23827522","1.0","-0.58887386","0.46545163","-0.002987643936648965","1.4532536442857236E-4","0.001855828333646059","1.0","0.5"
"0.704622745513916","1.000659465789795","0.0","0.0","0.012539185","0.86908877","-0.50890636","0.74513364","1.475811004638672E-4","-0.27984297275543213","0.23291206","1.0","-0.5979132","0.4709871","-0.002996930619701743","1.4410998846869916E-4","0.0019437357550486922","1.0","0.5"
"0.7205628752708435","1.0007293224334717","0.0","0.0","0.012539185","0.8691325","-0.50889266","0.7451437","1.499652862548828E-4","-0.2791041135787964","0.2275489","1.0","-0.60695255","0.4766559","-0.003037290647625923","1.4570256462320685E-4","0.0019376017153263092","1.0","0.5"
"0.7367009520530701","1.0007760524749756","0.0","0.0","0.012539185","0.8691654","-0.5088749","0.7451556","1.5211105346679688E-4","-0.2783486247062683","0.22218573","1.0","-0.61599183","0.48246276","-0.0030383984558284283","1.3794070400763303E-4","0.0020124574657529593","1.0","0.5"
"0.7530409693717957","1.0008025169372559","0.0","0.0","0.012539185","0.86919284","-0.5088568","0.74516803","1.5401840209960938E-4","-0.2775762677192688","0.21682256","1.0","-0.62503123","0.4884129","-0.003093873616307974","1.4383385132532567E-4","0.0020356434397399426","1.0","0.5"
"0.7695868015289307","1.0008118152618408","0.0","0.0","0.012539185","0.86921823","-0.5088333","0.745183","1.556873321533203E-4","-0.2767868638038635","0.21145941","1.0","-0.63407046","0.49451154","-0.0031215399503707886","1.4323281357064843E-4","0.002061336999759078","1.0","0.5"
"0.7863426208496094","1.0008070468902588","0.0","0.0","0.012539185","0.8692454","-0.50880766","0.7451991","1.5723705291748047E-4","-0.27598023414611816","0.20609623","1.0","-0.6431098","0.5007644","-0.003179631195962429","1.4159920101519674E-4","0.00208540097810328","1.0","0.5"
"0.8033128976821899","1.0007915496826172","0.0","0.0","0.012539185","0.86927485","-0.5087739","0.7452191","1.5854835510253906E-4","-0.27515608072280884","0.20073307","1.0","-0.6521492","0.5071776","-0.003161252476274967","1.375867723254487E-4","0.0021369208116084337","1.0","0.5"
"0.8205022215843201","1.000768780708313","0.0","0.0","0.012539185","0.8693088","-0.50873303","0.7452427","1.595020294189453E-4","-0.2743142247200012","0.19536993","1.0","-0.6611884","0.513757","-0.0032131739426404238","1.3243923604022712E-4","0.0021275414619594812","1.0","0.5"
"0.8379155993461609","1.0007420778274536","0.0","0.0","0.012539185","0.86935186","-0.50868034","0.74527216","1.6033649444580078E-4","-0.2734544277191162","0.19000675","1.0","-0.67022777","0.5205094","-0.0032675531692802906","1.3201152614783496E-4","0.002150465501472354","1.0","0.5"
"0.8554626107215881","1.0007151365280151","0.0","0.0","0.012539185","0.8694105","-0.5086069","0.7453125","1.609325408935547E-4","-0.2725764513015747","0.18467247","0.9882693","-0.6792184","0.52121705","-0.0033174133859574795","1.3080851931590587E-4","0.0022019348107278347","0.98800904","0.5"
"0.8730087876319885","1.000691533088684","0.0","0.0","0.012539185","0.86950207","-0.50849104","0.74537456","1.6129016876220703E-4","-0.2716803550720215","0.17940766","0.9753495","-0.68809193","0.521217","-0.0034650531597435474","1.2119447637815028E-4","0.0024344681296497583","0.97509295","0.5"
"0.8899955153465271","1.000675082206726","0.0","0.0","0.012539185","0.8697177","-0.5082071","0.7455222","1.615285873413086E-4","-0.27076613903045654","0.1743756","0.6646929","-0.6965732","0.35976002","-0.005052984692156315","1.2405328743625432E-4","0.005070171318948269","0.63682836","0.5"
"0.8928912878036499","1.0006639957427979","0.0","0.0","0.012539185","0.8701067","-0.50770295","0.74578017","1.615285873413086E-4","-0.2698413133621216","0.17352442","0.074470125","-0.6980078","0.040394012","0.0011058092350140214","-4.8731044444139116E-6","-0.004356833640486002","0.0737167","0.5"
"0.8939370512962341","1.0006537437438965","0.0","0.0","0.012539185","0.8706112","-0.50704795","0.74611485","1.615285873413086E-4","-0.26893359422683716","0.17321771","0.04525774","-0.6985248","0.024567902","-0.006611577235162258","-1.0753900596682797E-6","0.008559181354939938","0.04480029","0.5"
"0.8945935964584351","1.0006434917449951","0.0","0.0","0.012539185","0.8713013","-0.5061324","0.74658245","1.615285873413086E-4","-0.2679879069328308","0.17302546","0.026961979","-0.69884884","0.014643349","-0.011839017271995544","-9.98828227238846E-7","0.018142318353056908","0.02668963","0.5"
"0.8949795365333557","1.0006335973739624","0.0","0.0","0.012539185","0.8722433","-0.504854","0.7472351","1.614093780517578E-4","-0.2670603394508362","0.17291263","0.016231023","-0.699039","0.008817791","-0.023561013862490654","4.255026397004258E-6","0.03881397470831871","0.016067142","0.5"
"0.8952088952064514","1.000624179840088","0.0","0.0","0.012539185","0.8736274","-0.5029298","0.748217","1.614093780517578E-4","-0.26615089178085327","0.17284575","0.009873085","-0.69915164","0.0053646467","-0.052938200533390045","9.626604878576472E-6","0.09010705351829529","0.009773459","0.5"
"0.8953511714935303","1.0006146430969238","0.0","0.0","0.012539185","0.87598133","-0.4995417","0.7499449","1.614093780517578E-4","-0.26522284746170044","0.17280443","0.005947296","-0.6992213","0.003231869","-0.13710308074951172","2.8756250685546547E-5","0.23646019399166107","0.005887351","0.5"
"0.895437479019165","1.0006052255630493","0.0","0.0","0.012539185","0.8805922","-0.49245334","0.75355566","1.6129016876220703E-4","-0.2642946243286133","0.17277952","0.0035879395","-0.69926333","0.0019498758","-0.4663146138191223","1.0228071914752945E-4","0.8091942667961121","0.0035520326","0.5"
"0.8954809308052063","1.0005956888198853","0.0","0.0","0.012539185","0.89102244","-0.47159612","0.7641541","1.6129016876220703E-4","-0.26334768533706665","0.17276715","0.0","-0.69928414","0.0","0.0","0.0","0.0","0.0","0.5"
"0.8954823613166809","1.0005862712860107","0.0","0.0","0.012539185","0.90267944","-0.43859845","0.7808709","1.6129016876220703E-4","-0.26241928339004517","0.17276715","0.0","-0.69928414","0.0","0.0","0.0","0.0","0.0","0.5"
"0.8954838514328003","1.0005769729614258","0.0","0.0","0.012539185","0.9130056","-0.39718372","0.80179614","1.6129016876220703E-4","-0.26149094104766846","0.17276715","0.0","-0.69928414","0.0","0.0","0.0","0.0","0.0","0.5"
"0.8954852819442749","1.0005675554275513","0.0","0.0","0.012539185","0.9214746","-0.34574193","0.82773453","1.6117095947265625E-4","-0.2605626583099365","0.17276715","0.0","-0.69928414","0.0","0.0","0.0","0.0","0.0","0.5"
"0.8954866528511047","1.0005584955215454","0.0","0.0","0.012539185","0.92734206","-0.2852522","0.8581921","1.6117095947265625E-4","-0.25965285301208496","0.17276715","0.0","-0.69928414","0.0","0.0","0.0","0.0","0.0","0.5"
"0.8954880833625793","1.000549077987671","0.0","0.0","0.012539185","0.9302118","-0.21564603","0.8932117","1.6105175018310547E-4","-0.2587244510650635","0.17276715","0.0","-0.69928414","0.0","0.0","0.0","0.0","0.0","0.5"
"0.8954895734786987","1.0005396604537964","0.0","0.0","0.012539185","0.92954946","-0.14381492","0.92934334","1.6105175018310547E-4","-0.25779616832733154","0.17276715","0.0","-0.69928414","0.0","0.0","0.0","0.0","0.0","0.5"
